BEGIN TRANSACTION;
CREATE TABLE IF NOT EXISTS "event_name" (
	"event_id"	INTEGER,
	"name"	TEXT,
	"category"	TEXT,
	PRIMARY KEY("event_id" AUTOINCREMENT)
);
CREATE TABLE IF NOT EXISTS "location" (
	"location_id"	INTEGER NOT NULL UNIQUE,
	"city"	TEXT,
	"address"	TEXT,
	PRIMARY KEY("location_id" AUTOINCREMENT)
);
CREATE TABLE IF NOT EXISTS "events" (
	"event_id"	INTEGER NOT NULL,
	"location_id"	INTEGER NOT NULL,
	"type"	TEXT,
	"payment_type"	TEXT,
	"cost"	INTEGER,
	"datetime"	NUMERIC,
	FOREIGN KEY("location_id") REFERENCES "location"("location_id"),
	FOREIGN KEY("event_id") REFERENCES "event_name"("event_id")
);
INSERT INTO "event_name" ("event_id","name","category") VALUES (1,'yoga','fitness'),
 (2,'exercise','fitness'),
 (3,'music','entertainment'),
 (4,'concert','entertainment'),
 (5,'befriending','meeting'),
 (6,'teadance','entertainment'),
 (7,'coffeemorning','meeting'),
 (8,'standupcomedy','entertainment');
INSERT INTO "location" ("location_id","city","address") VALUES (1,'Edinburgh','Roseburn'),
 (2,'Edinburgh','Dalry'),
 (3,'Edinburgh','Curries'),
 (4,'Edinburgh','Dalkeith'),
 (5,'Livingston','Ladywell'),
 (6,'Livingston','Cornwell'),
 (7,'Livingston','Leister'),
 (8,'Manchester','Audenshaw'),
 (9,'Manchester','Altrincham'),
 (10,'Manchester','Bolton'),
 (11,'Glasgow','Hillhead'),
 (12,'Glasgow','Bearsden'),
 (13,'Glasgow','Arden');
INSERT INTO "events" ("event_id","location_id","type","payment_type","cost","datetime") VALUES (1,1,'online','free',0,1594490400),
 (3,2,'direct','paid',30,1594576800),
 (1,3,'online','free',0,1594663200),
 (1,5,'direct','paid',10,1595323800),
 (1,3,'direct','paid',10,1596186000),
 (1,2,'direct','paid',10,1595584800),
 (2,7,'online','paid',15,1598626800),
 (1,2,'online','free',0,1596294000),
 (6,1,'online','free',0,1596544200),
 (2,10,'online','free',0,1596447000),
 (1,10,'online','free',0,1596101400),
 (1,2,'online','free',0,1595500200),
 (1,1,'direct','free',0,1595233800),
 (1,1,'direct','free',0,1595260800),
 (3,5,'online','free',0,1595174400),
 (6,1,'online','free',0,1595784600),
 (1,2,'online','free',0,1595169000),
 (1,9,'online','free',0,1596364200),
 (1,4,'online','free',0,1598436000),
 (1,10,'online','free',0,1597833000),
 (7,3,'online','free',0,1596357000),
 (7,3,'online','free',0,1596357000),
 (6,6,'online','free',0,1598436000),
 (6,6,'online','free',0,1598436000),
 (6,1,'online','free',0,1597827600),
 (3,6,'direct','free',0,1596358800),
 (6,3,'online','free',0,1595844000),
 (8,7,'direct','free',0,1595588400),
 (8,4,'direct','free',0,1596454200),
 (8,10,'direct','free',0,1596364200),
 (4,3,'direct','free',0,1596362400),
 (4,6,'online','free',0,1595068200),
 (3,6,'direct','free',0,1595698200),
 (3,4,'direct','free',0,1595086200),
 (4,5,'online','free',0,1595172600),
 (4,4,'direct','free',0,1595176200),
 (3,6,'direct','paid',25,1595784600),
 (3,5,'direct','paid',30,1595151000),
 (7,2,'online','free',0,1595233800),
 (7,10,'direct','free',5,1594976400),
 (7,1,'direct','paid',5,1595408400),
 (7,2,'direct','paid',5,1595061000),
 (1,6,'online','paid',25,1595352600),
 (1,4,'direct','paid',20,1595327400),
 (1,4,'direct','paid',20,1595327400),
 (1,10,'online','free',10,1595349000),
 (1,3,'direct','free',0,1595323800),
 (1,8,'online','free',0,1595320200),
 (1,8,'online','free',0,1595320200),
 (1,7,'online','free',0,1595345400),
 (1,4,'online','free',0,1595349000),
 (1,4,'direct','free',0,1595323800),
 (1,8,'direct','free',0,1595325600),
 (1,1,'online','paid',10,1595322000),
 (1,3,'direct','paid',15,1595350800),
 (1,2,'direct','paid',10,1595345400),
 (6,8,'direct','paid',15,1595082600),
 (4,9,'online','free',0,1595082600),
 (8,3,'online','free',0,1595003400),
 (8,9,'online','free',0,1595001600),
 (7,11,'online','free',0,1594918800),
 (7,11,'online','free',0,1594918800),
 (1,5,'online','paid',15,1596463200),
 (2,9,'online','paid',10,1596537000),
 (1,10,'online','free',10,1596018600),
 (1,5,'online','free',0,1595064600),
 (1,1,'online','free',0,1595064600),
 (1,1,'online','free',0,1595322000),
 (1,8,'online','free',0,1595412000),
 (1,8,'online','free',0,1595412000),
 (1,8,'online','free',0,1595239200),
 (1,2,'online','free',0,1595232000),
 (3,9,'online','free',0,1595232000),
 (1,11,'online','free',0,1595322000),
 (1,6,'online','free',0,1595239200),
 (1,4,'online','free',0,1595340000),
 (1,5,'online','free',0,1595336400),
 (1,9,'online','free',0,1595350800),
 (1,12,'online','free',0,1595349000),
 (3,12,'online','paid',10,1595338200),
 (3,8,'online','free',0,1595352600),
 (3,8,'online','free',0,1595406600),
 (1,8,'online','free',0,1595496600),
 (1,8,'online','free',0,1595518200),
 (7,2,'online','free',0,1595233800),
 (7,1,'online','free',0,1595241000),
 (7,3,'direct','paid',10,1595325600),
 (7,5,'online','paid',10,1595322000),
 (7,8,'online','paid',10,1595322000),
 (7,8,'online','free',10,1595323800),
 (7,6,'online','free',10,1595327400),
 (7,6,'online','free',10,1595152800),
 (7,9,'online','free',10,1595149200),
 (1,2,'online','free',0,1595149200),
 (1,2,'online','paid',15,1595152800),
 (1,2,'online','free',0,1595066400),
 (1,2,'online','free',0,1594980000),
 (3,2,'online','free',0,1595584800),
 (3,8,'online','free',0,1595584800),
 (3,10,'online','free',0,1595584800),
 (1,4,'online','free',0,1594976400),
 (1,5,'online','free',0,1595599200),
 (1,6,'online','paid',0,1595340000),
 (7,5,'online','free',0,1594994400),
 (7,6,'online','free',0,1595145600),
 (7,7,'online','free',0,1595577600),
 (3,7,'online','free',0,1595664000),
 (3,7,'online','free',0,1595062800),
 (3,12,'online','paid',0,1595062800),
 (3,12,'online','free',0,1595062800),
 (3,12,'online','free',0,1595667600),
 (3,8,'online','free',0,1595667600),
 (3,8,'online','free',0,1595754000),
 (3,9,'online','free',0,1595068200),
 (3,11,'online','paid',15,1595068200),
 (3,11,'online','free',15,1595093400),
 (3,11,'online','free',0,1595093400),
 (3,11,'online','free',0,1595694600),
 (8,1,'online','free',0,1595262600),
 (8,5,'online','free',0,1595349000),
 (8,7,'online','free',0,1595435400),
 (8,7,'online','free',0,1595520000),
 (8,8,'online','free',0,1595610000),
 (8,9,'online','free',0,1595696400),
 (8,4,'online','free',0,1595782800),
 (8,4,'online','free',0,1595091600),
 (8,5,'online','free',0,1595091600),
 (8,8,'online','free',0,1595091600),
 (8,1,'direct ','paid ',20,1595005200),
 (6,1,'online','free',0,1595005200),
 (6,1,'online','free',0,1595091600),
 (6,1,'online','free',0,1595178000),
 (6,1,'online','free',0,1595264400),
 (6,1,'online','free',0,1595350800),
 (6,1,'online','free',0,1595437200),
 (6,1,'online','free',0,1595523600),
 (6,1,'online','free',0,1595610000),
 (6,1,'online','free',0,1595696400),
 (6,1,'online','free',0,1595782800),
 (6,1,'online','free',0,1595869200),
 (6,1,'online','free',0,1595696400),
 (6,1,'online','free',0,1595611800),
 (6,5,'online','free',0,1595007000),
 (6,5,'online','free',0,1595093400),
 (6,7,'online','free',0,1595093400),
 (6,7,'online','free',0,1595093400),
 (6,8,'online','free',0,1595179800),
 (6,8,'online','free',0,1595266200),
 (6,8,'online','free',0,1595439000),
 (6,8,'online','free',0,1595525400),
 (6,8,'online','free',0,1595611800),
 (6,8,'online','free',0,1595698200),
 (6,8,'online','free',0,1595784600),
 (6,8,'online','free',0,1595871000),
 (6,8,'online','free',0,1595957400),
 (6,10,'online','free',0,1595957400),
 (6,10,'online','free',0,1595007000),
 (6,10,'online','free',0,1595091600),
 (6,10,'online','free',0,1595174400),
 (6,3,'online','free',0,1595260800),
 (6,3,'online','free',0,1595347200),
 (6,3,'online','free',0,1595433600),
 (6,3,'online','free',0,1595606400),
 (6,3,'online','free',0,1595692800),
 (6,3,'direct','free',0,1595779200),
 (6,3,'direct','free',0,1595865600),
 (8,2,'direct','free',0,1595865600),
 (8,2,'online','free',0,1595001600),
 (8,2,'online','free',0,1595089800),
 (8,2,'online','free',0,1595176200),
 (8,6,'online','free',0,1595176200),
 (8,7,'online','free',0,1595176200),
 (8,7,'online','free',0,1595262600),
 (8,7,'online','free',0,1595349000),
 (8,8,'online','free',0,1595435400),
 (8,8,'online','free',0,1595521800),
 (8,9,'online','free',0,1595521800),
 (8,9,'online','free',0,1595608200),
 (8,10,'online','free',0,1595694600),
 (8,11,'online','free',0,1595694600),
 (8,11,'online','free',0,1595775600),
 (8,12,'online','free',0,1595775600),
 (8,12,'online','free',0,1595775600),
 (1,12,'online','free',0,1595775600),
 (1,12,'online','free',0,1595170800),
 (1,12,'direct','free',0,1595775600),
 (1,12,'direct','free',0,1595170800),
 (1,5,'online','free',0,1595170800),
 (1,5,'online','free',0,1595775600),
 (3,4,'online','free',0,1595775600),
 (3,4,'online','free',0,1595170800),
 (3,10,'online','free',0,1595170800),
 (3,7,'online','free',0,1595170800),
 (6,7,'online','free',0,1595170800),
 (6,7,'online','free',0,1595773800),
 (6,9,'online','free',0,1595766600),
 (6,5,'online','free',0,1595165400),
 (6,5,'online','free',0,1595777400),
 (6,12,'online','free',0,1595777400),
 (6,12,'online','free',0,1595169000),
 (8,1,'online','free',0,1595169000),
 (8,6,'online','free',0,1595169000),
 (8,7,'online','free',0,1595179800),
 (8,9,'online','free',0,1595178000),
 (8,2,'online','free',0,1595782800),
 (8,2,'online','free',0,1595784600),
 (8,4,'online','free',0,1595784600),
 (1,4,'direct','free',0,1595784600),
 (1,6,'direct','free',0,1595784600),
 (1,8,'direct','free',0,1595784600),
 (1,10,'direct','free',0,1595784600),
 (1,10,'direct','free',0,1595178000),
 (1,3,'direct','free',0,1595779200),
 (1,11,'direct','free',0,1595163600),
 (8,2,'direct','paid',0,1594904400),
 (8,7,'direct','free',0,1595509200),
 (6,4,'direct','free',0,1595509200),
 (6,4,'direct','paid',0,1595772000),
 (6,4,'online','free',0,1595167200),
 (6,4,'online','free',0,1595685600),
 (6,10,'direct','free',0,1595773800),
 (1,10,'direct','free',0,1595773800),
 (8,10,'direct','free',0,1595788200),
 (8,10,'online ','paid',21,1595093400),
 (8,2,'online ','paid',21,1595698200),
 (2,2,'online ','paid',21,1595521800),
 (2,1,'online ','paid',15,1595001600),
 (2,4,'online ','free',0,1595001600),
 (2,7,'online ','free',0,1595091600),
 (2,9,'online ','free',0,1595167200),
 (2,12,'online ','free',0,1595163600),
 (2,12,'online ','free',0,1595332800),
 (2,12,'online ','free',0,1595408400),
 (2,9,'online ','free',0,1595496600),
 (2,9,'online ','free',0,1595586600),
 (2,5,'online ','paid',0,1595586600),
 (2,5,'online ','paid',0,1595500200),
 (2,5,'online ','paid',0,1596103200),
 (2,8,'online ','paid',0,1596103200),
 (2,12,'online ','paid',0,1596103200),
 (2,11,'online ','paid',0,1596103200),
 (2,8,'direct','free',0,1594981800),
 (2,10,'direct','free',0,1594981500),
 (2,1,'direct','free',0,1595061000),
 (6,1,'direct','free',0,1595061000),
 (6,3,'direct','free',0,1595061000),
 (6,9,'direct','free',0,1595061000),
 (6,10,'direct','free',0,1595061000),
 (6,12,'direct','free',0,1595062800),
 (6,12,'direct','free',0,1595152800),
 (6,3,'direct','free',0,1595241000),
 (6,3,'direct','paid',0,1595241000),
 (6,5,'direct','paid',0,1595241000),
 (6,6,'direct','paid',0,1595325600),
 (6,6,'direct','paid',0,1595350800),
 (6,7,'direct','paid',0,1595437200),
 (6,9,'direct','paid',0,1595520000),
 (6,9,'direct','paid',0,1595608200),
 (6,10,'direct','paid',0,1595608200),
 (6,11,'direct','paid',0,1595606400),
 (6,11,'direct','paid',0,1595689200),
 (6,4,'direct','paid',0,1595689200),
 (6,4,'direct','paid',0,1595777400),
 (6,4,'direct','paid',0,1596036600),
 (6,4,'direct','free',0,1596036600),
 (6,6,'direct','free',0,1596034800),
 (6,11,'direct','free',0,1596034800),
 (6,11,'direct','paid',0,1596123000),
 (6,9,'direct','paid',0,1596123000),
 (6,3,'direct','paid',0,1596123000),
 (6,5,'direct','paid',0,1596121200),
 (6,5,'direct','paid',0,1595775600),
 (6,7,'direct','free',0,1595775600),
 (6,3,'direct','free',0,1595775600),
 (6,8,'direct','free',0,1595775600),
 (6,8,'direct','free',0,1595773800),
 (6,8,'online','free',0,1595773800),
 (6,11,'online','free',0,1595773800),
 (6,2,'online','free',0,1595080800),
 (6,5,'online','free',0,1595080800),
 (6,8,'online','free',0,1595080800),
 (6,10,'online','free',0,1595080800),
 (6,12,'online','free',0,1595080800),
 (6,1,'online','paid',0,1595080800),
 (6,3,'online','paid',0,1595080800),
 (6,5,'online','paid',0,1595088000),
 (6,7,'online','paid',0,1595088000),
 (6,9,'online','paid',0,1595089800),
 (6,11,'online','paid',0,1595089800),
 (6,1,'direct','free',0,1595079000),
 (6,1,'direct','free',0,1595061000),
 (6,2,'direct','free',0,1595061900),
 (6,4,'direct','free',0,1595061900),
 (6,5,'direct','free',0,1595061900),
 (6,7,'direct','free',0,1595061900),
 (6,8,'direct','free',0,1595061900),
 (6,9,'direct','free',0,1595061900),
 (6,12,'direct','free',0,1595062800),
 (6,1,'online','free',0,1595062800),
 (6,3,'online','free',0,1595062800),
 (6,4,'online','free',0,1595062800),
 (6,5,'online','free',0,1595062800),
 (6,7,'online','free',0,1595062800),
 (6,8,'online','free',0,1595062800),
 (6,9,'online','free',0,1595062800),
 (6,10,'online','free',0,1595062800),
 (6,11,'online','free',0,1595062800),
 (6,1,'online','paid',0,1595065500),
 (6,2,'online','paid',0,1595065500),
 (6,4,'online','paid',0,1595065500),
 (6,6,'online','paid',0,1595065500),
 (6,7,'online','paid',0,1595065500),
 (6,8,'online','paid',0,1595064900),
 (6,9,'online','paid',0,1595064900),
 (6,10,'online','paid',0,1595064900),
 (6,11,'online','paid',0,1595065200),
 (6,1,'direct','free',0,1595061600),
 (6,1,'direct','free',0,1595061900),
 (6,2,'direct','free',0,1595061900),
 (6,4,'direct','free',0,1595061900),
 (6,6,'direct','free',0,1595061900),
 (6,8,'direct','free',0,1595061900),
 (6,10,'direct','free',0,1595061900),
 (6,11,'direct','free',0,1595061900),
 (6,1,'direct','paid',0,1595061300),
 (6,2,'direct','paid',0,1595061300),
 (6,4,'direct','paid',0,1595061300),
 (6,3,'direct','paid',0,1595061300),
 (6,5,'direct','paid',0,1595061300),
 (6,6,'direct','paid',0,1595061300),
 (6,8,'direct','paid',0,1595061300),
 (6,9,'direct','paid',0,1595061300),
 (6,11,'direct','paid',0,1595061300),
 (6,12,'direct','paid',0,1595061300),
 (6,1,'online','free',0,1595147700),
 (6,5,'online','free',0,1595147700),
 (6,8,'online','free',0,1595147700),
 (6,10,'online','free',0,1595147700),
 (6,2,'online','paid',0,1595148600),
 (6,3,'online','paid',0,1595148600),
 (6,6,'online','paid',0,1595148600),
 (6,8,'online','paid',0,1595148600),
 (6,9,'online','paid',0,1595148600),
 (6,10,'online','paid',0,1595148600),
 (6,1,'direct','free',0,1595150100),
 (6,2,'direct','free',0,1595150100),
 (6,5,'direct','free',0,1595150100),
 (6,7,'direct','free',0,1595150100),
 (6,8,'direct','free',0,1595150100),
 (6,10,'direct','free',0,1595150100),
 (6,12,'direct','free',0,1595150100),
 (6,1,'direct','paid',0,1595153700),
 (6,2,'direct','paid',0,1595153700),
 (6,5,'direct','paid',0,1595153700),
 (6,8,'direct','paid',0,1595153700),
 (6,10,'direct','paid',0,1595153700),
 (6,11,'direct','paid',0,1595153700),
 (6,2,'online','free',0,1595672100),
 (6,3,'online','free',0,1595672100),
 (6,6,'online','free',0,1595672100),
 (6,8,'online','free',0,1595672100),
 (6,9,'online','free',0,1595672100),
 (6,10,'online','free',0,1595672100),
 (6,2,'online','paid',0,1595672100),
 (6,3,'online','paid',10,1595672100),
 (6,5,'online','paid',10,1595672100),
 (6,6,'online','paid',10,1595672100),
 (6,7,'online','paid',10,1595672100),
 (6,8,'online','paid',10,1595672100),
 (6,9,'online','paid',10,1595672100),
 (6,11,'online','paid',10,1595672100),
 (6,1,'direct','free',0,1595690100),
 (6,2,'direct','free',0,1595690100),
 (6,4,'direct','free',0,1595690100),
 (6,6,'direct','free',0,1595690100),
 (6,7,'direct','free',0,1595690100),
 (6,8,'direct','free',0,1595690100),
 (6,9,'direct','free',0,1595690100),
 (6,10,'direct','free',0,1595690100),
 (6,1,'direct','paid',0,1595686500),
 (6,2,'direct','paid',0,1595686500),
 (6,4,'direct','paid',0,1595686500),
 (6,5,'direct','paid',0,1595686500),
 (6,6,'direct','paid',0,1595686500),
 (6,8,'direct','paid',0,1595686500),
 (6,10,'direct','paid',0,1595686500),
 (6,12,'direct','paid',0,1595686500),
 (6,3,'online','free',0,1595781600),
 (6,5,'online','free',0,1595781600),
 (6,7,'online','free',0,1595781600),
 (6,8,'online','free',0,1595781600),
 (6,9,'online','free',0,1595781600),
 (6,10,'online','free',0,1595781600),
 (6,1,'online','paid',0,1595785500),
 (6,5,'online','paid',0,1595785500),
 (6,7,'online','paid',0,1595785500),
 (6,8,'online','paid',0,1595785500),
 (6,10,'online','paid',0,1595785500),
 (6,1,'direct','free',0,1595782800),
 (6,3,'direct','free',0,1595782800),
 (6,4,'direct','free',0,1595782800),
 (6,6,'direct','free',0,1595782800),
 (6,9,'direct','free',0,1595782800),
 (6,11,'direct','free',0,1595782800),
 (6,12,'direct','free',0,1595782800),
 (6,2,'direct','paid',0,1595771100),
 (6,3,'direct','paid',0,1595771100),
 (6,4,'direct','paid',0,1595771100),
 (6,5,'direct','paid',0,1595771100),
 (6,7,'direct','paid',0,1595771100),
 (6,8,'direct','paid',0,1595771100),
 (6,9,'direct','paid',0,1595771100),
 (6,10,'direct','paid',0,1595771100),
 (6,11,'direct','paid',0,1595771100),
 (6,12,'direct','paid',0,1595771100),
 (6,1,'online','free',0,1595265600),
 (6,1,'online','paid',0,1595262000),
 (6,1,'direct','paid',0,1595262300),
 (6,1,'direct','free',0,1595262300),
 (6,5,'direct','free',0,1595262300),
 (6,5,'direct','paid',0,1595262300),
 (6,5,'online','paid',0,1595262300),
 (6,5,'online','free',0,1595262300),
 (6,8,'online','free',0,1595262300),
 (6,8,'online','paid',0,1595262300),
 (6,8,'direct','paid',0,1595260800),
 (6,8,'direct','free',0,1595260800),
 (6,10,'direct','free',0,1595257200),
 (6,3,'online','free',0,1595343600),
 (6,3,'online','paid',0,1595343600),
 (6,3,'direct','free',0,1595343600),
 (6,3,'direct','paid',0,1595343600),
 (6,9,'direct','paid',0,1595343600),
 (6,9,'direct','free',0,1595343600),
 (6,9,'online','free',0,1595346900),
 (6,9,'online','paid',0,1595346900),
 (6,12,'online','paid',0,1595346900),
 (6,12,'direct','paid',0,1595346900),
 (6,1,'online','paid',0,1595429700),
 (6,1,'direct','free',0,1595429700),
 (6,1,'direct','paid',0,1595429700),
 (6,4,'direct','paid',0,1595429700),
 (6,4,'direct','free',0,1595429700),
 (6,4,'online','free',0,1595427600),
 (6,4,'online','paid',0,1595427600),
 (6,6,'online','paid',0,1595427600),
 (6,6,'online','free',0,1595427600),
 (6,6,'direct','free',0,1595427600),
 (6,6,'direct','paid',0,1595427600),
 (6,9,'direct','paid',0,1595427600),
 (6,9,'direct','free',0,1595427600),
 (6,9,'online','free',0,1595427600),
 (6,9,'online','paid',0,1595427600),
 (6,1,'online','paid',0,1595514000),
 (6,1,'online','free',0,1595514000),
 (6,1,'direct','paid',0,1595514000),
 (6,1,'direct','free',0,1595515200),
 (6,4,'direct','paid',0,1595515200),
 (6,4,'direct','free',0,1595515200),
 (6,4,'online','free',0,1595515200),
 (6,4,'online','paid',0,1595515200),
 (6,9,'online','paid',0,1595515200),
 (6,9,'online','free',0,1595515200),
 (6,9,'direct','free',0,1595518800),
 (6,9,'direct','paid',0,1595518800),
 (6,10,'direct','free',0,1595519400),
 (6,10,'direct','paid',0,1595519400),
 (6,12,'direct','paid',0,1595519400),
 (6,12,'direct','free',0,1595519400),
 (6,12,'online','free',0,1595519400),
 (6,12,'online','paid',0,1595519400),
 (6,12,'online','paid',0,1595605800),
 (6,12,'online','free',0,1595605800),
 (6,12,'direct','free',0,1595605800),
 (6,12,'direct','paid',0,1595605800),
 (6,9,'direct','paid',0,1595602200),
 (6,11,'direct','paid',0,1595602200),
 (6,11,'direct','free',0,1595602200),
 (6,11,'online','free',0,1595602200),
 (6,11,'online','paid',0,1595602200),
 (6,8,'online','paid',0,1595602200),
 (6,8,'online','free',0,1595602200),
 (6,8,'direct','free',0,1595602500),
 (6,8,'direct','paid',0,1595602500),
 (6,3,'direct','paid',0,1595602500),
 (6,3,'direct','free',0,1595602500),
 (6,3,'online','free',0,1595602500),
 (6,3,'online','paid',0,1595602500),
 (6,1,'online','paid',0,1595602500),
 (6,1,'online','free',0,1595602500),
 (6,1,'direct','free',0,1595602500),
 (6,1,'direct','paid',0,1595602500),
 (7,1,'online','free',0,1595235600),
 (7,1,'online','paid',0,1595235600),
 (7,1,'direct','paid',0,1595237400),
 (7,1,'direct','free',0,1595237400),
 (7,1,'direct','paid',0,1595238300),
 (7,3,'direct','paid',0,1595238300),
 (7,3,'direct','free',0,1595238300),
 (7,3,'online','free',0,1595238300),
 (7,3,'online','paid',0,1595238300),
 (7,5,'online','free',0,1595241900),
 (7,5,'online','paid',0,1595241900),
 (7,5,'direct','paid',0,1595241900),
 (7,5,'direct','free',0,1595241900),
 (10,5,'direct','free',0,1595241900),
 (10,5,'direct','paid',0,1595241900),
 (10,5,'online','paid',0,1595241900),
 (10,5,'online','free',0,1595241900),
 (10,9,'online','free',0,1595241900),
 (10,9,'online','paid',0,1595241900),
 (10,9,'direct','paid',0,1595241900),
 (10,9,'direct','free',0,1595241900),
 (7,1,'online','free',0,1595241900),
 (7,1,'online','paid',0,1595241900),
 (7,4,'online','free',0,1595241900),
 (7,4,'online','paid',0,1595241900),
 (7,4,'direct','paid',0,1595241900),
 (7,4,'direct','free',0,1595241900),
 (7,10,'online','free',0,1595241900),
 (7,10,'online','paid',0,1595241900),
 (7,10,'direct','paid',0,1595241900),
 (7,10,'direct','free',0,1595241900),
 (7,1,'online','free',0,1595328300),
 (7,1,'online','paid',0,1595328300),
 (7,1,'direct','free',0,1595328300),
 (7,1,'direct','paid',0,1595328300),
 (7,2,'direct','paid',0,1595328300),
 (7,2,'direct','free',0,1595328300),
 (7,2,'online','free',0,1595328300),
 (7,2,'online','paid',0,1595328300),
 (7,2,'direct','paid',0,1595328300),
 (7,2,'direct','free',0,1595324700),
 (7,4,'direct','free',0,1595324700),
 (7,4,'direct','paid',0,1595324700),
 (7,4,'online','paid',0,1595324700),
 (7,4,'online','free',0,1595324700),
 (7,4,'online','paid',0,1595324700),
 (7,5,'online','paid',0,1595324700),
 (7,5,'online','free',0,1595324700),
 (7,5,'direct','free',0,1595324700),
 (7,5,'direct','paid',0,1595322000),
 (7,9,'direct','paid',0,1595322000),
 (7,9,'direct','free',0,1595322000),
 (7,9,'online','free',0,1595322000),
 (7,9,'online','paid',0,1595322000),
 (7,11,'online','paid',0,1595322000),
 (7,11,'online','free',0,1595343600),
 (7,11,'direct','free',0,1595343600),
 (7,11,'direct','paid',0,1595343600),
 (7,5,'direct','paid',0,1596034800),
 (7,5,'direct','free',0,1596034800),
 (7,5,'online','free',0,1596034800),
 (7,5,'online','paid',0,1596034800),
 (7,5,'direct','paid',0,1596034800),
 (7,5,'direct','free',0,1596037500),
 (7,7,'online','free',0,1596037500),
 (7,7,'online','paid',0,1596037500),
 (7,7,'direct','paid',0,1596037500),
 (7,7,'direct','free',0,1596037500),
 (7,8,'direct','free',0,1596037500),
 (7,8,'direct','paid',0,1596037500),
 (7,8,'online','paid',0,1596037500),
 (7,8,'online','free',0,1596037500),
 (7,10,'online','free',0,1596037500),
 (7,10,'online','paid',0,1596041100),
 (7,10,'direct','paid',0,1596041100),
 (7,10,'direct','free',0,1596041100),
 (7,10,'direct','free',0,1596127500),
 (7,10,'direct','paid',0,1596127500),
 (7,10,'online','paid',0,1596127500),
 (7,10,'online','free',0,1596127500),
 (7,8,'online','free',0,1596123900),
 (7,8,'online','paid',0,1596123900),
 (7,8,'direct','paid',0,1596123900),
 (7,8,'direct','free',0,1596123900),
 (7,10,'direct','free',0,1596123900),
 (7,10,'direct','paid',0,1596123900),
 (7,10,'online','paid',0,1596123900),
 (7,10,'online','free',0,1596123900),
 (7,10,'online','paid',0,1596128400),
 (7,10,'direct','free',0,1596128400),
 (7,10,'direct','paid',0,1596128400),
 (7,11,'direct','paid',0,1596128400),
 (7,11,'direct','free',0,1596128400),
 (7,11,'online','free',0,1596114000),
 (7,11,'online','paid',0,1596099600),
 (7,1,'online','paid',0,1596186000),
 (7,1,'online','free',0,1596186900),
 (7,1,'online','paid',0,1596186900),
 (7,2,'online','paid',0,1596186900),
 (7,2,'direct','paid',0,1596186900),
 (7,2,'direct','free',0,1596186900),
 (7,5,'direct','free',0,1596186900),
 (7,5,'direct','paid',0,1596186900),
 (7,5,'online','paid',0,1596186900),
 (7,5,'online','free',0,1596186900),
 (7,12,'online','free',0,1596186900),
 (7,12,'online','free',0,1596186900),
 (7,12,'online','paid',0,1596183300),
 (7,12,'direct','paid',0,1596183300),
 (7,12,'direct','free',0,1596183300),
 (7,2,'direct','free',0,1596269700),
 (7,2,'direct','paid',0,1596269700),
 (7,2,'online','paid',0,1596269700),
 (7,2,'online','free',0,1596269700),
 (7,2,'direct','free',0,1596269700),
 (7,2,'direct','paid',0,1596269700),
 (7,5,'direct','paid',0,1596269700),
 (7,5,'direct','free',0,1596269700),
 (7,5,'online','free',0,1596269700),
 (7,5,'online','free',0,1596269700),
 (7,8,'online','free',0,1596273300),
 (7,8,'online','paid',0,1596273300),
 (7,8,'direct','paid',0,1596273300),
 (7,11,'online','free',0,1596273300),
 (7,11,'online','paid',0,1596297600),
 (7,11,'direct','free',0,1596297600),
 (7,2,'online','free',0,1596353400),
 (7,2,'online','paid',0,1596353400),
 (7,2,'direct','paid',0,1596353400),
 (7,2,'direct','free',0,1596353400),
 (7,5,'direct','free',0,1596353400),
 (7,5,'direct','paid',0,1596353400),
 (7,5,'online','paid',0,1596353400),
 (7,5,'online','free',0,1596353400),
 (7,8,'online','free',0,1596353400),
 (7,8,'online','paid',0,1596353400),
 (7,8,'direct','paid',0,1596357000),
 (7,8,'direct','free',0,1596357000),
 (7,11,'direct','free',0,1596357000),
 (7,11,'direct','paid',0,1596357000),
 (7,11,'online','paid',0,1596357000),
 (7,11,'online','free',0,1596358200),
 (7,5,'online','free',0,1595490600),
 (7,5,'online','paid',0,1595490600),
 (8,5,'online','paid',0,1595490600),
 (7,9,'direct','paid',0,1595490600),
 (7,9,'direct','free',0,1595490600),
 (7,8,'online','free',0,1595490600),
 (7,8,'online','paid',0,1595490600),
 (7,6,'online','free',0,1596189000),
 (7,7,'online','paid',0,1596189000),
 (7,7,'direct','paid',0,1596189000),
 (7,7,'direct','free',0,1596189000),
 (7,3,'direct','free',0,1596189000),
 (7,2,'direct','paid',0,1596189000),
 (7,2,'direct','paid',0,1596181500),
 (7,7,'direct','paid',0,1596181500),
 (7,7,'direct','free',0,1596181500),
 (7,7,'direct','free',0,1596181500),
 (7,7,'online','free',0,1596181500),
 (7,7,'online','paid',0,1596181500),
 (7,12,'online','paid',0,1596181500),
 (7,12,'online','free',0,1596181500),
 (7,12,'direct','free',0,1596181500),
 (7,12,'direct','paid',0,1596181500),
 (8,1,'direct','paid',0,1596181500),
 (8,1,'direct','free',0,1596181500),
 (8,1,'direct','free',0,1596267900),
 (8,1,'direct','paid',0,1596267900),
 (8,1,'online','paid',0,1596267900),
 (8,1,'online','free',0,1596267900),
 (8,3,'online','free',0,1596267900),
 (8,3,'online','paid',0,1596267900),
 (8,7,'online','free',0,1596267900),
 (8,7,'online','paid',0,1596267900),
 (8,7,'direct','paid',0,1596267900),
 (8,7,'direct','free',0,1596267900),
 (8,9,'direct','free',0,1596267900),
 (8,9,'direct','paid',0,1596267900),
 (8,9,'online','paid',0,1596267900),
 (8,12,'online','paid',0,1596267900),
 (8,12,'online','free',0,1596267900),
 (8,3,'online','free',0,1596959100),
 (8,3,'online','paid',0,1596959100),
 (8,3,'direct','paid',0,1596959100),
 (8,3,'direct','free',0,1596959100),
 (8,9,'direct','free',0,1596962700),
 (8,9,'direct','paid',0,1596962700),
 (8,9,'online','paid',0,1596962700),
 (8,9,'online','free',0,1596962700),
 (8,11,'online','free',0,1596962700),
 (8,11,'online','paid',0,1596962700),
 (8,11,'direct','paid',0,1596962700),
 (8,11,'direct','free',0,1596962700),
 (8,8,'online','free',0,1596529800),
 (8,8,'online','paid',0,1596529800),
 (8,8,'direct','paid',0,1596529800),
 (8,8,'direct','free',0,1596529800),
 (8,6,'direct','free',0,1596529800),
 (8,6,'direct','paid',0,1596529800),
 (8,6,'online','paid',0,1596529800),
 (8,6,'online','free',0,1596529800),
 (8,12,'online','free',0,1596529800),
 (8,12,'online','paid',0,1596529800),
 (8,12,'direct','paid',0,1596529800),
 (8,12,'direct','free',0,1596529800),
 (8,11,'online','free',0,1596529800),
 (8,11,'online','paid',0,1596529800),
 (8,11,'direct','paid',0,1596529800),
 (8,11,'direct','free',0,1596529800),
 (8,4,'online','free',0,1596529800),
 (8,4,'online','paid',0,1596529800),
 (8,4,'direct','paid',0,1596529800),
 (8,4,'direct','free',0,1596529800),
 (8,1,'direct','free',0,1596529800),
 (8,1,'direct','paid',0,1596529800),
 (8,1,'online','paid',0,1596529800),
 (8,1,'online','free',0,1596529800),
 (6,1,'online','free',0,1596616200),
 (6,5,'online','paid',0,1596616200),
 (6,8,'online','free',0,1596616200),
 (6,8,'online','free',0,1596612600),
 (6,8,'online','paid',0,1596612600),
 (6,8,'direct','paid',0,1596612600),
 (6,8,'direct','free',0,1596612600),
 (6,10,'direct','free',0,1596612600),
 (6,10,'direct','paid',0,1596612600),
 (6,10,'online','free',0,1596612600),
 (6,10,'online','paid',0,1596612600),
 (3,1,'online','free',0,1596614100),
 (3,1,'online','paid',0,1596614100),
 (3,4,'online','free',0,1596614100),
 (3,8,'online','free',0,1596614100),
 (8,8,'online','free',0,1595028255),
 (8,8,'online','paid',0,1595028280),
 (8,8,'online','free',0,1595028290),
 (8,8,'direct','free',0,1595028310),
 (8,8,'direct','paid',0,1595028315),
 (8,8,'online','free',0,1595028355),
 (8,8,'online','paid',0,1595028363),
 (8,8,'direct','paid',0,1595028375),
 (8,8,'direct','free',0,1595028385),
 (8,9,'online','free',0,1595028408),
 (8,9,'online','paid',0,1595028413),
 (8,9,'direct','paid',0,1595028432),
 (8,9,'direct','free',0,1595028444),
 (8,8,'direct','free',0,1595028471),
 (8,8,'direct','paid',0,1595028477),
 (8,8,'direct','free',0,1595028486),
 (8,9,'direct','free',0,1595028496),
 (8,9,'online','free',0,1595028502),
 (8,9,'online','paid',0,1595028508),
 (8,9,'online','free',0,1595028533),
 (8,8,'online','paid',0,1595028544),
 (8,8,'direct','paid',0,1595028551),
 (8,8,'direct','free',0,1595028557),
 (8,8,'online','free',0,1595028591),
 (8,8,'online','paid',0,1595028596),
 (8,8,'direct','paid',0,1595028602),
 (8,8,'direct','free',0,1595028608),
 (8,9,'online','free',0,1595028632),
 (8,9,'online','paid',0,1595028643),
 (8,9,'direct','free',0,1595028654),
 (8,9,'direct','paid',0,1595028659),
 (8,9,'direct','paid',0,1595030461);
COMMIT;
